{
  "name": "Alice",
  "expressions": {
    "normal": "alice_normal.png"
  },
  "lines": {
    "midnight": {
      "sunny": "もう真夜中だよ。こんな時間に起きてるなんて珍しいね。",
      "cloudy": "夜空に星が見えないのはちょっと寂しいな…。",
      "rainy": "静かな夜、雨音が心地いいね。",
      "snowy": "雪が降ってるよ。夜の雪景色って、ちょっと幻想的だよね。"
    },
    "early_morning": {
      "sunny": "おはよう！朝日が気持ちいいね！",
      "cloudy": "曇り空だけど、今日もがんばろうね！",
      "rainy": "雨の朝はちょっと眠いかも…一緒にがんばろ？",
      "snowy": "朝から雪だね！滑らないように気をつけてね。"
    },
    "morning": {
      "sunny": "いい天気だし、ちょっとお出かけしたくなっちゃうね！",
      "cloudy": "うーん、日差しが恋しいな。",
      "rainy": "傘忘れてない？濡れちゃうよー！",
      "snowy": "こんなに雪が降ってると、通学も大変そうだね。"
    },
    "noon": {
      "sunny": "お昼ごはん、なに食べようか〜？",
      "cloudy": "お昼だけど、ちょっと暗い空だね。",
      "rainy": "雨のお昼って、ちょっと落ち着くかも。",
      "snowy": "雪の中のランチタイムも悪くないよね。"
    },
    "afternoon": {
      "sunny": "午後も元気にいこうっ！まだまだ時間はあるよ！",
      "cloudy": "ちょっと一息つこうか。",
      "rainy": "雨が続いてるね。気分転換も大事だよ？",
      "snowy": "午後になっても雪止まないね〜積もりそう！"
    },
    "evening": {
      "sunny": "今日も一日おつかれさま。夕焼けがきれいだよ。",
      "cloudy": "雲に隠れた夕日はちょっと残念だけど…おつかれさま！",
      "rainy": "雨の音を聞きながら、ゆっくりしよ？",
      "snowy": "雪がしんしんと降ってるよ。あったかくしてね。"
    }
  }
}