{
  "name": "Bob",
  "expressions": {
    "normal": "bob_normal.png"
  },
  "lines": {
    "midnight": {
      "sunny": "うわっ、もうこんな時間！？早く寝ないと明日眠くなるよ〜！",
      "cloudy": "夜更かしはほどほどにしないとね。明日も頑張ろう！",
      "rainy": "雨の音…ちょっと落ち着くけど、寝る準備しようか。",
      "snowy": "雪だ…夜中に見ると、なんか静かで不思議な感じがするな。"
    },
    "early_morning": {
      "sunny": "おはよう！今日も晴れ！気持ちのいい朝だね！",
      "cloudy": "ちょっとどんよりしてるけど、負けないぞ！",
      "rainy": "雨かぁ…でも、がんばっていこうね！",
      "snowy": "雪の朝ってワクワクする！転ばないように気をつけて！"
    },
    "morning": {
      "sunny": "よし、今日もがんばろう！やることたくさんあるし！",
      "cloudy": "天気はイマイチだけど、気合入れていこう！",
      "rainy": "傘持った？濡れないようにね！",
      "snowy": "寒いけど、しっかり動いてあったまろう！"
    },
    "noon": {
      "sunny": "お昼だね！ちゃんとご飯食べて、午後もがんばろう！",
      "cloudy": "午後の授業も眠くならないようにしなきゃ…！",
      "rainy": "こんな日は温かいランチが食べたいな〜！",
      "snowy": "雪を見ながらのお昼って、ちょっと特別な気分かも。"
    },
    "afternoon": {
      "sunny": "よし、あとひとふんばり！集中していこう！",
      "cloudy": "なんだか眠くなる天気だけど…負けないぞ！",
      "rainy": "雨の日って集中しやすいかも。よし、がんばる！",
      "snowy": "雪、ずっと降ってるね。帰り道、気をつけよう！"
    },
    "evening": {
      "sunny": "今日も一日お疲れさま！ゆっくり休もうね！",
      "cloudy": "あっという間に夕方だね。今日もよく頑張った！",
      "rainy": "雨の夜も悪くないかも。静かで落ち着くね。",
      "snowy": "雪が積もってきたね。あったかくして、風邪ひかないように！"
    }
  }
}