{
  "name": "Clara",
  "expressions": {
    "normal": "clara_normal.png"
  },
  "lines": {
    "midnight": {
      "sunny": "もう深夜ね。…無理はしない方がいいわ。",
      "cloudy": "雲のない夜空が見たかったけれど、今日は仕方ないわね。",
      "rainy": "雨の音が心地いいわね。…少し眠くなるかも。",
      "snowy": "静かな夜と雪。…幻想的で、少しだけ好き。"
    },
    "early_morning": {
      "sunny": "おはよう。朝の空気が澄んでいて気持ちいいわ。",
      "cloudy": "曇っているけれど、今日も始まるわね。",
      "rainy": "濡れないように、支度はしっかりしておいて。",
      "snowy": "雪が積もっているわ。足元には気をつけて。"
    },
    "morning": {
      "sunny": "いい天気ね。動くなら今のうちよ。",
      "cloudy": "今日は、あまり明るくならないかもしれないわ。",
      "rainy": "傘は持った？出かけるなら忘れずに。",
      "snowy": "まだ降ってるわね。…冷え込むわよ。"
    },
    "noon": {
      "sunny": "休憩するなら、今のうちに。午後に備えて。",
      "cloudy": "少し光が欲しいわね…でも、落ち着くかもしれない。",
      "rainy": "外に出るなら、しっかり防寒しておいて。",
      "snowy": "このまま積もり続けたら、帰りが心配ね。"
    },
    "afternoon": {
      "sunny": "やるべきことは早めに済ませておきましょう。",
      "cloudy": "時間の流れが遅く感じる午後ね。",
      "rainy": "…雨脚が強まってるわ。気をつけて。",
      "snowy": "音が吸い込まれて、静か過ぎるくらい。"
    },
    "evening": {
      "sunny": "夕暮れがきれいね。…今日もよく頑張ったわ。",
      "cloudy": "空が暗くなるの、いつもより早い気がするわ。",
      "rainy": "一日が終わる音って、意外と静かよね。",
      "snowy": "冷えてきたわね。…あたたかくして休んで。"
    }
  }
}