{
  "expressions": {
    "early_morning": "normal",
    "morning": "normal",
    "afternoon": "normal",
    "evening": "normal",
    "night": "normal",
    "midnight": "normal"
  },
  "lines": {
    "early_morning": "おはよう、今日もいい一日になりますように！",
    "morning": "元気にいってらっしゃい！",
    "afternoon": "おつかれさま、少し休憩しよう？",
    "evening": "こんばんは！今日もおつかれさま！",
    "night": "そろそろ寝る時間だね。",
    "midnight": "こんな時間まで起きてるの？無理しないでね。"
  },
  "weatherLines": {
    "early_morning": {
      "cloudy": "朝から曇ってるね。気をつけてね。"
    },
    "morning": {
      "cloudy": "曇ってるけど気分は晴れやかに！"
    },
    "afternoon": {
      "cloudy": "午後はゆったり曇り空。"
    },
    "evening": {
      "cloudy": "曇ってるね、気をつけて帰ってきてね。"
    },
    "night": {
      "cloudy": "夜空は曇り。星は見えないかも。"
    },
    "midnight": {
      "cloudy": "夜更かしには曇りが似合う？"
    }
  },
  "weekdayLines": {
    "sunday": "今日は日曜日！のんびり過ごそう♪",
    "monday": "月曜日だね。一緒にがんばろう！",
    "tuesday": "火曜日！まだまだ始まったばかり！",
    "wednesday": "もう週の真ん中だよ、がんばろうね！",
    "thursday": "木曜日！あと少しで週末！",
    "friday": "金曜日だね！あとひとふんばり！",
    "saturday": "土曜日だよ！今日は楽しもう♪"
  }
}
